,id,label
0,1657231316481.jpg,2
1,1657231316474.jpg,2
2,1657231316466.jpg,2
3,1657231316458.jpg,2
4,1657231316450.jpg,2
5,1657231316442.jpg,2
6,1657231316434.jpg,2
7,1657231316427.jpg,2
8,1657231316419.jpg,2
9,1657231316411.jpg,2
11,1657231316395.jpg,2
12,1657231316386.jpg,2
13,1657231316378.jpg,2
14,1657231316371.jpg,2
15,1657231316363.jpg,2
16,1657231316355.jpg,2
17,1657231316347.jpg,2
18,1657231316339.jpg,2
19,1657231316332.jpg,2
20,1657231316324.jpg,2
22,1657231316308.jpg,2
23,1657231316301.jpg,2
24,1657231316293.jpg,2
25,1657231316285.jpg,2
27,1657231316270.jpg,2
28,1657231316262.jpg,2
29,1657231316254.jpg,2
30,1657231316246.jpg,2
31,1657231316238.jpg,2
32,1657231316230.jpg,2
33,1657231316215.jpg,3
34,1657231316207.jpg,3
35,1657231316199.jpg,3
36,1657231316192.jpg,3
37,1657231316184.jpg,3
38,1657231316176.jpg,3
39,1657231316168.jpg,3
40,1657231316160.jpg,3
41,1657231316153.jpg,3
43,1657231316137.jpg,3
44,1657231316129.jpg,3
45,1657231316122.jpg,3
46,1657231316114.jpg,3
47,1657231316106.jpg,3
48,1657231316086.jpg,3
49,1657231316076.jpg,3
50,1657231316064.jpg,3
51,1657231316056.jpg,3
52,1657231316049.jpg,3
53,1657231316039.jpg,3
54,1657231316029.jpg,3
55,1657231316020.jpg,3
56,1657231316012.jpg,3
57,1657231316004.jpg,3
58,1657231315996.jpg,3
59,1657231315988.jpg,3
60,1657231315980.jpg,3
61,1657231315972.jpg,3
62,1657231315964.jpg,3
63,1657231315955.jpg,3
67,1657231315922.jpg,3
68,1657231315914.jpg,3
69,1657231315906.jpg,3
70,1657231315898.jpg,3
71,1657231315890.jpg,3
72,1657231315882.jpg,3
73,1657231315874.jpg,3
74,1657231315865.jpg,3
75,1657231315857.jpg,3
76,1657231315849.jpg,3
77,1657231315842.jpg,3
78,1657231315834.jpg,3
79,1657231315825.jpg,3
81,1657231315809.jpg,4
82,1657231315799.jpg,4
83,1657231315781.jpg,4
84,1657231315774.jpg,4
85,1657231315765.jpg,4
86,1657231315757.jpg,4
87,1657231315749.jpg,4
88,1657231315741.jpg,4
89,1657231315732.jpg,4
90,1657231315724.jpg,4
91,1657231315715.jpg,4
92,1657231315707.jpg,4
93,1657231315699.jpg,4
94,1657231315691.jpg,4
95,1657231315683.jpg,4
97,1657231315667.jpg,4
98,1657231315659.jpg,4
99,1657231315651.jpg,4
100,1657231315643.jpg,4
101,1657231315635.jpg,4
102,1657231315626.jpg,4
103,1657231315618.jpg,4
104,1657231315610.jpg,4
105,1657231315602.jpg,4
106,1657231315371.jpg,4
107,1657173217030.jpg,4
109,1657173217012.jpg,4
110,1657173217004.jpg,4
111,1657173216994.jpg,4
112,1657173216986.jpg,4
113,1657173216977.jpg,4
114,1657173216969.jpg,4
115,1657173216959.jpg,4
116,1657173216950.jpg,4
117,1657173216941.jpg,4
118,1657173216932.jpg,4
119,1657173216923.jpg,4
120,1657173216911.jpg,4
121,IMG_20220702_112500.jpg,4
122,1657231317245.jpg,4
123,1657231317235.jpg,4
124,1657231317221.jpg,4
125,1657231317209.jpg,4
127,1657231317188.jpg,4
128,1657231317178.jpg,4
129,1657231317170.jpg,4
130,1657231317160.jpg,4
131,1657231317152.jpg,4
132,1657231317144.jpg,4
133,1657231317136.jpg,4
135,1657231317120.jpg,4
136,1657231317112.jpg,4
137,1657231317104.jpg,4
138,1657231317097.jpg,4
140,1657231317081.jpg,4
142,1657231317065.jpg,4
143,1657231317057.jpg,4
144,1657231317049.jpg,0
146,1657231317034.jpg,0
147,1657231317026.jpg,0
148,1657231317018.jpg,0
149,1657231317010.jpg,0
150,1657231317002.jpg,0
151,1657231316994.jpg,0
152,1657231316986.jpg,0
153,1657231316978.jpg,0
154,1657231316970.jpg,0
155,1657231316962.jpg,0
156,1657231316954.jpg,0
157,1657231316946.jpg,0
158,1657231316938.jpg,0
159,1657231316930.jpg,0
160,1657231316923.jpg,0
161,1657231316913.jpg,0
162,1657231316900.jpg,0
163,1657231316892.jpg,0
164,1657231316883.jpg,0
165,1657231316874.jpg,0
167,1657231316855.jpg,0
168,1657231316847.jpg,0
169,1657231316838.jpg,0
170,1657231316830.jpg,1
171,1657231316823.jpg,1
172,1657231316814.jpg,1
173,1657231316807.jpg,1
174,1657231316799.jpg,1
175,1657231316791.jpg,1
176,1657231316783.jpg,1
177,1657231316776.jpg,1
178,1657231316768.jpg,1
179,1657231316760.jpg,1
180,1657231316752.jpg,1
181,1657231316743.jpg,1
183,1657231316727.jpg,1
184,1657231316720.jpg,1
185,1657231316712.jpg,1
186,1657231316704.jpg,1
187,1657231316695.jpg,1
188,1657231316686.jpg,1
189,1657231316678.jpg,1
192,1657231316655.jpg,1
193,1657231316647.jpg,1
194,1657231316639.jpg,1
195,1657231316631.jpg,1
196,1657231316624.jpg,1
197,1657231316616.jpg,1
198,1657231316608.jpg,1
199,1657231316600.jpg,1
200,1657231316592.jpg,1
201,1657231316584.jpg,1
202,1657231316576.jpg,1
203,1657231316569.jpg,1
204,1657231316561.jpg,1
205,1657231316552.jpg,1
207,1657231316536.jpg,2
209,1657231316521.jpg,2
210,1657231316512.jpg,2
211,1657231316504.jpg,2
212,1657231316496.jpg,2
213,1657231316489.jpg,2
